[
    {
        "farm_id": 1053,
        "farm_name": "Palatine Hills Estate Winery",
        "farm_type": "Winery",
        "address": {
            "street": {
                "street_num": "911",
                "street_name": "Lakeshore",
                "street_suffix": "Rd",
                "street_dir": null
            },
            "city": "Niagara-on-the-Lake",
            "prov_abbr": "ON",
            "postal_code": "L0S 1J0"
        },
        "location": {
            "latitude": 43.245094,
            "longitude": -79.151455
        }
    },
    {
        "farm_id": 1055,
        "farm_name": "Peller Estates Winery",
        "farm_type": "Winery",
        "address": {
            "street": {
                "street_num": "290",
                "street_name": "John",
                "street_suffix": "St",
                "street_dir": "E"
            },
            "city": "Niagara-on-the-Lake",
            "prov_abbr": "ON",
            "postal_code": "L0S 1J0"
        },
        "location": {
            "latitude": 43.252648,
            "longitude": -79.086426
        }
    },
    {
        "farm_id": 1056,
        "farm_name": "Peninsula Ridge Estates Winery",
        "farm_type": "Winery",
        "address": {
            "street": {
                "street_num": "5600",
                "street_name": "King",
                "street_suffix": "St",
                "street_dir": "W"
            },
            "city": "Lincoln",
            "prov_abbr": "ON",
            "postal_code": "L0R 1B3"
        },
        "location": {
            "latitude": 43.179925,
            "longitude": -79.507678
        }
    },
    {
        "farm_id": 1058,
        "farm_name": "Pillitteri Estates Winery",
        "farm_type": "Winery",
        "address": {
            "street": {
                "street_num": "1696",
                "street_name": "Niagara Stone",
                "street_suffix": "Rd",
                "street_dir": null
            },
            "city": "Niagara-on-the-Lake",
            "prov_abbr": "ON",
            "postal_code": "L0S 1J0"
        },
        "location": {
            "latitude": 43.229187,
            "longitude": -79.113243
        }
    },
    {
        "farm_id": 1061,
        "farm_name": "Ravine Vineyard Estate Winery",
        "farm_type": "Winery",
        "address": {
            "street": {
                "street_num": "1366",
                "street_name": "York",
                "street_suffix": "Rd",
                "street_dir": null
            },
            "city": "Niagara-on-the-Lake",
            "prov_abbr": "ON",
            "postal_code": "L0S 1P0"
        },
        "location": {
            "latitude": 43.158419,
            "longitude": -79.105687
        }
    },
    {
        "farm_id": 1063,
        "farm_name": "Ridgepoint Wines",
        "farm_type": "Winery",
        "address": {
            "street": {
                "street_num": "3900",
                "street_name": "Cherry",
                "street_suffix": "Ave",
                "street_dir": null
            },
            "city": "Lincoln",
            "prov_abbr": "ON",
            "postal_code": "L0R 2C0"
        },
        "location": {
            "latitude": 43.151272,
            "longitude": -79.4136
        }
    },
    {
        "farm_id": 1065,
        "farm_name": "Rosewood Estates Winery & Meadery",
        "farm_type": "Winery",
        "address": {
            "street": {
                "street_num": "4352",
                "street_name": "Mountainview",
                "street_suffix": "Rd",
                "street_dir": null
            },
            "city": "Lincoln",
            "prov_abbr": "ON",
            "postal_code": "L0R 1B2"
        },
        "location": {
            "latitude": 43.168778,
            "longitude": -79.497215
        }
    },
    {
        "farm_id": 1066,
        "farm_name": "Royal DeMaria Wines",
        "farm_type": "Winery",
        "address": {
            "street": {
                "street_num": "4551",
                "street_name": "Cherry",
                "street_suffix": "Ave",
                "street_dir": null
            },
            "city": "Lincoln",
            "prov_abbr": "ON",
            "postal_code": "L0R 1B1"
        },
        "location": {
            "latitude": 43.179907,
            "longitude": -79.415264
        }
    },
    {
        "farm_id": 1070,
        "farm_name": "Southbrook Vineyards",
        "farm_type": "Winery",
        "address": {
            "street": {
                "street_num": "581",
                "street_name": "Niagara Stone",
                "street_suffix": "Rd",
                "street_dir": null
            },
            "city": "Niagara-on-the-Lake",
            "prov_abbr": "ON",
            "postal_code": "L0S 1J0"
        },
        "location": {
            "latitude": 43.188173,
            "longitude": -79.165983
        }
    },
    {
        "farm_id": 1072,
        "farm_name": "Stonechurch Vineyards",
        "farm_type": "Winery",
        "address": {
            "street": {
                "street_num": "1242",
                "street_name": "Irvine",
                "street_suffix": "Rd",
                "street_dir": null
            },
            "city": "Niagara-on-the-Lake",
            "prov_abbr": "ON",
            "postal_code": "L0S 1J0"
        },
        "location": {
            "latitude": 43.227191,
            "longitude": -79.171358
        }
    },
    {
        "farm_id": 1073,
        "farm_name": "Stratus Inc.",
        "farm_type": "Winery",
        "address": {
            "street": {
                "street_num": "2059",
                "street_name": "Niagara Stone",
                "street_suffix": "Rd",
                "street_dir": null
            },
            "city": "Niagara-on-the-Lake",
            "prov_abbr": "ON",
            "postal_code": "L0S 1J0"
        },
        "location": {
            "latitude": 43.241207,
            "longitude": -79.09791
        }
    },
    {
        "farm_id": 1074,
        "farm_name": "Strewn Winery",
        "farm_type": "Winery",
        "address": {
            "street": {
                "street_num": "1339",
                "street_name": "Lakeshore",
                "street_suffix": "Rd",
                "street_dir": null
            },
            "city": "Niagara-on-the-Lake",
            "prov_abbr": "ON",
            "postal_code": "L0S 1J0"
        },
        "location": {
            "latitude": 43.252843,
            "longitude": -79.124947
        }
    },
    {
        "farm_id": 1075,
        "farm_name": "Sunnybrook Farm Estate Winery",
        "farm_type": "Winery",
        "address": {
            "street": {
                "street_num": "1425",
                "street_name": "Lakeshore",
                "street_suffix": "Rd",
                "street_dir": null
            },
            "city": "Niagara-on-the-Lake",
            "prov_abbr": "ON",
            "postal_code": "L0S 1J0"
        },
        "location": {
            "latitude": 43.252858,
            "longitude": -79.120675
        }
    },
    {
        "farm_id": 1076,
        "farm_name": "Tawse Winery Inc.",
        "farm_type": "Winery",
        "address": {
            "street": {
                "street_num": "3955",
                "street_name": "Cherry",
                "street_suffix": "Ave",
                "street_dir": null
            },
            "city": "Lincoln",
            "prov_abbr": "ON",
            "postal_code": "L0R 1B1"
        },
        "location": {
            "latitude": 43.152928,
            "longitude": -79.413706
        }
    },
    {
        "farm_id": 1077,
        "farm_name": "The Foreign Affair Winery",
        "farm_type": "Winery",
        "address": {
            "street": {
                "street_num": "4890",
                "street_name": "Victoria",
                "street_suffix": "Ave",
                "street_dir": "N"
            },
            "city": "Lincoln",
            "prov_abbr": "ON",
            "postal_code": "L0R 2E0"
        },
        "location": {
            "latitude": 43.192212,
            "longitude": -79.395177
        }
    },
    {
        "farm_id": 1078,
        "farm_name": "The Good Earth Vineyard and Winery",
        "farm_type": "Winery",
        "address": {
            "street": {
                "street_num": "4556",
                "street_name": "Lincoln",
                "street_suffix": "Ave",
                "street_dir": null
            },
            "city": "Lincoln",
            "prov_abbr": "ON",
            "postal_code": "L0R 1B3"
        },
        "location": {
            "latitude": 43.178588,
            "longitude": -79.48699
        }
    },
    {
        "farm_id": 1079,
        "farm_name": "The Organized Crime Winery",
        "farm_type": "Winery",
        "address": {
            "street": {
                "street_num": "4043",
                "street_name": "Mountainview",
                "street_suffix": "Rd",
                "street_dir": null
            },
            "city": "Lincoln",
            "prov_abbr": "ON",
            "postal_code": "L0R 1B2"
        },
        "location": {
            "latitude": 43.154729,
            "longitude": -79.497017
        }
    },
    {
        "farm_id": 1080,
        "farm_name": "Thirty Bench",
        "farm_type": "Winery",
        "address": {
            "street": {
                "street_num": "4281",
                "street_name": "Mountainview",
                "street_suffix": "Rd",
                "street_dir": null
            },
            "city": "Lincoln",
            "prov_abbr": "ON",
            "postal_code": "L0R 1B2"
        },
        "location": {
            "latitude": 43.165498,
            "longitude": -79.497201
        }
    },
    {
        "farm_id": 1081,
        "farm_name": "Thomas & Vaughan Estate Winery",
        "farm_type": "Winery",
        "address": {
            "street": {
                "street_num": "4245",
                "street_name": "King",
                "street_suffix": "St",
                "street_dir": null
            },
            "city": "Lincoln",
            "prov_abbr": "ON",
            "postal_code": "L0R 1B1"
        },
        "location": {
            "latitude": 43.158897,
            "longitude": -79.434707
        }
    },
    {
        "farm_id": 1083,
        "farm_name": "Vineland Estates Winery",
        "farm_type": "Winery",
        "address": {
            "street": {
                "street_num": "3620",
                "street_name": "Moyer",
                "street_suffix": "Rd",
                "street_dir": null
            },
            "city": "Lincoln",
            "prov_abbr": "ON",
            "postal_code": "L0R 2C0"
        },
        "location": {
            "latitude": 43.145311,
            "longitude": -79.403872
        }
    },
    {
        "farm_id": 1086,
        "farm_name": "Wayne Gretzky Estate Winery",
        "farm_type": "Winery",
        "address": {
            "street": {
                "street_num": "3751",
                "street_name": "King",
                "street_suffix": "St",
                "street_dir": null
            },
            "city": "Lincoln",
            "prov_abbr": "ON",
            "postal_code": "L0R 2C0"
        },
        "location": {
            "latitude": 43.157129,
            "longitude": -79.410056
        }
    }
]