farm_id,farm_name,farm_type,farm_address,lat_deg,lat_min,lat_sec,long_deg,long_min,long_sec
1050,Niagara Falls Farmers' Market,Farmers Market,"5943 Sylvia Pl, Niagara Falls, ON L2G 1S9",43,5,18.859,-79,5,27.406
1051,Niagara's Best Brewery & Pub,Craft Brewer,"6863 Lundys Ln, Niagara Falls, ON L2G1V7",43,5,21.523,-79,6,36.025
1052,Nokara Farms,Pick-Your-Own Farm,"1090 Lakeshore Rd W, St. Catharines, ON L2R   6P9",43,11,15.31,-79,17,52.418
1053,Palatine Hills Estate Winery,Winery,"911 Lakeshore Rd, Niagara-on-the-Lake, ON l0s 1j0",43,14,42.338,-79,9,5.238
1054,Pelham Farmers' Market ESt 2003,Farmers Market,"20 Pelham Town Sq, Pelham, ON l0s1e0",43,2,40.042,-79,17,4.956
1055,Peller Estates Winery,Winery,"290 John St E, Niagara-on-the-Lake, ON L0S 1J0",43,15,9.533,-79,5,11.134
1056,Peninsula Ridge Estates Winery,Winery,"5600 King St W, Lincoln, ON L0R 1B3",43,10,47.73,-79,30,27.641
1057,Pillar 'n' Pines,Christmas Tree Farm,"171 Metler Rd, Pelham, ON L0S1M0",43,3,44.046,-79,17,55.493
1058,Pillitteri Estates Winery,Winery,"1696 Niagara Stone Rd, Niagara-on-the-Lake, ON l0s1j0",43,13,45.073,-79,6,47.675
1059,Port Colborne Farmers' Market Est 1940,Farmers Market,"66 Charlotte St, Port Colborne, ON l3k3c8",42,53,6.486,-79,15,8.518
1060,Quiet Acres,Roadside Market,"672 Lakeshore Rd, Niagara-on-the-Lake, ON L0S 1J0",43,14,0.485,-79,9,50.393
1061,Ravine Vineyard Estate Winery,Winery,"1366 York Rd, Niagara-on-the-Lake, ON L0S 1P0",43,9,30.308,-79,6,20.473
1062,Richardson's Farm Market,Pick-Your-Own Farm,"131 River Rd, Haldimand, ON N1A 2W3",42,55,10.772,-79,41,3.336
1063,Ridgepoint Wines,Winery,"3900 Cherry Ave, Lincoln, ON L0R 2C0",43,9,4.579,-79,24,48.96
1064,Ridgeway Farmers' Market ESt 2008,Farmers Market,"282 Ridge Rd N, Fort Erie, ON L0S 1N0",42,52,56.201,-79,3,7.099
1065,Rosewood Estates Winery & Meadery,Winery,"4352 Mountainview Rd, Lincoln, ON L0R 1B2",43,10,7.601,-79,29,49.974
1066,Royal DeMaria Wines,Winery,"4551 Cherry Ave, Lincoln, ON L0R 1B1",43,10,47.665,-79,24,54.95
1067,Sault Farm,Pick-Your-Own Farm,"33783 Flanagan Rd, Wainfleet, ON L0S 1V0",42,55,19.452,-79,28,11.003
1068,Sexsmith Farm,Roadside Market,"2778 Dominion Rd, Fort Erie, ON L0S 1N0",42,53,7.57,-79,1,7.576
1069,Silmaril Farms,Pick-Your-Own Farm,"144 Russ Rd, Grimsby, ON L3M 4E7",43,10,44.587,-79,33,7.916
1070,Southbrook Vineyards,Winery,"581 Niagara Stone Rd, Niagara-on-the-Lake, ON L0S 1J0",43,11,17.423,-79,9,57.539
1071,St. Catharines Farmers' Market ESt 1868,Farmers Market,"91 King St, St. Catharines, ON L2R 3H6",43,9,30.1,-79,14,46.633
1072,Stonechurch Vineyards,Winery,"1242 Irvine Rd, Niagara-on-the-Lake, ON L0S1J0",43,13,37.888,-79,10,16.889
1073,Stratus Inc.,Winery,"2059 Niagara Stone Rd, Niagara-on-the-Lake, ON L0S 1J0",43,14,28.345,-79,5,52.476
1074,Strewn Winery,Winery,"1339 Lakeshore Rd, Niagara-on-the-Lake, ON L0S 1J0",43,15,10.235,-79,7,29.809
1075,Sunnybrook Farm Estate Winery,Winery,"1425 Lakeshore Rd, Niagara-on-the-Lake, ON L0S 1J0",43,15,10.289,-79,7,14.43
1076,Tawse Winery Inc.,Winery,"3955 Cherry Ave, Lincoln, ON L0R 1B1",43,9,10.541,-79,24,49.342
1077,The Foreign Affair Winery,Winery,"4890 Victoria Ave N, Lincoln, ON L0R 2E0",43,11,31.963,-79,23,42.637
1078,The Good Earth Vineyard and Winery,Winery,"4556 Lincoln Ave, Lincoln, ON L0R 1B3",43,10,42.917,-79,29,13.164
1079,The Organized Crime Winery,Winery,"4043 Mountainview Rd, Lincoln, ON L0R 1B2",43,9,17.024,-79,29,49.261
1080,Thirty Bench,Winery,"4281 Mountainview Rd, Lincoln, ON L0R 1B2",43,9,55.793,-79,29,49.924
1081,Thomas & Vaughan Estate Winery,Winery,"4245 King St, Lincoln, ON L0R1B1",43,9,32.029,-79,26,4.945
1082,Two Century Fruit Farms,Pick-Your-Own Farm,"400 Main St W, Grimsby, ON L3M 1T2",43,11,43.76,-79,36,6.088
1083,Vineland Estates Winery,Winery,"3620 Moyer Rd, Lincoln, ON L0R 2C0",43,8,43.12,-79,24,13.939
1084,Warner Orchards,Roadside Market,"4817 Lincoln Ave N, Lincoln, ON L0R 1B3",43,11,23.244,-79,29,13.916
1085,Warner's Farm,Roadside Market,"4045 John St, Lincoln, ON L0R 1B1",43,10,21.086,-79,25,38.122
1086,Wayne Gretzky Estate Winery,Winery,"3751 King St, Lincoln, ON L0R 2C0",43,9,25.664,-79,24,36.202
1087,Weiland's Cherry Farm,Pick-Your-Own Farm,"1625 Haist St, Pelham, ON L0S 1E0",43,3,39.316,-79,17,45.46
1088,Welland Farmers' Market ESt 1907,Farmers Market,"50 Market Ln, Welland, ON L3B 3X4",42,59,25.386,-79,14,55.223
1089,Williams Orchards,Pick-Your-Own Farm,"1724 Pelham St N, Pelham, ON L0S 1E6",43,3,19.393,-79,17,8.272
1090,Windwood Farms,Roadside Market,"4198 King St W, Lincoln, ON L0R 1B1",43,9,31.723,-79,26,2.033
1091,Wright Rod & Girls,Pick-Your-Own Farm,"905 Canborough Rd, Pelham, ON L0S 1C0",43,1,26.857,-79,22,18.538
